{
  "p_pop_fail_exact": 6.627479739707103e-68,
  "beta_fail_bounded_diff": 2.1796336278053032e-07,
  "acceptance_prob_lower_bound": 0.9999997820366372,
  "tv_bound_secret_vs_uniform": 2.1796336280299755e-07,
  "expected_trials_upper_bound": 1.0000002179634102,
  "bulk_mean_V": 2048.03165,
  "bulk_std_V": 31.981471142248353,
  "bulk_mean_E": 2880.15177,
  "bulk_mean_B": 5759.85263,
  "bulk_min_lb": 562,
  "topo_mean_C": 57.7545,
  "topo_mean_genus": 890.1115,
  "topo_median_genus": 890.0,
  "topo_min_genus": 658,
  "topo_max_genus": 1142,
  "topo_mean_B": 5759.4932,
  "topo_connected_obs": 0,
  "topo_connected_upper95": 0.00029952835977661195,
  "topo_mean_largest": 1964.8781,
  "practical_mean_V": 1965.2913,
  "practical_mean_genus": 889.1127,
  "practical_mean_B": 5380.9908
}